{
  "probability": {
    "neg": 0.52384282842546515,
    "neutral": 0.30218360472758604,
    "pos": 0.47615717157453485
  },
  "label": "neg"
}{
  "probability": {
    "neg": 0.56208209211941762,
    "neutral": 0.77731336154487674,
    "pos": 0.43791790788058238
  },
  "label": "neutral"
}{
  "probability": {
    "neg": 0.51370695136677469,
    "neutral": 0.25246530375663873,
    "pos": 0.48629304863322531
  },
  "label": "neg"
}{
  "probability": {
    "neg": 0.38831530056455965,
    "neutral": 0.64673657540209728,
    "pos": 0.61168469943544035
  },
  "label": "neutral"
}{
  "probability": {
    "neg": 0.72793001041316663,
    "neutral": 0.25702853105768991,
    "pos": 0.27206998958683337
  },
  "label": "neg"
}{
  "probability": {
    "neg": 0.57231186251953503,
    "neutral": 0.74261965847870659,
    "pos": 0.42768813748046497
  },
  "label": "neutral"
}{
  "probability": {
    "neg": 0.40455608777235652,
    "neutral": 0.79869407090757705,
    "pos": 0.59544391222764348
  },
  "label": "neutral"
}{
  "probability": {
    "neg": 0.53782027398963828,
    "neutral": 0.36218385975278861,
    "pos": 0.46217972601036172
  },
  "label": "neg"
}{
  "probability": {
    "neg": 0.58805067778229037,
    "neutral": 0.73638865982979251,
    "pos": 0.41194932221770963
  },
  "label": "neutral"
}{
  "probability": {
    "neg": 0.43322903801730694,
    "neutral": 0.86883125622003066,
    "pos": 0.56677096198269306
  },
  "label": "neutral"
}{
  "probability": {
    "neg": 0.51097390214981719,
    "neutral": 0.64886485963183993,
    "pos": 0.48902609785018286
  },
  "label": "neutral"
}{
  "probability": {
    "neg": 0.62421599360879299,
    "neutral": 0.43435964948386002,
    "pos": 0.37578400639120696
  },
  "label": "neg"
}{
  "probability": {
    "neg": 0.32755923087209948,
    "neutral": 0.47338002081601105,
    "pos": 0.67244076912790052
  },
  "label": "pos"
}{
  "probability": {
    "neg": 0.52369258914843919,
    "neutral": 0.79925717966106513,
    "pos": 0.47630741085156075
  },
  "label": "neutral"
}{
  "probability": {
    "neg": 0.30856763305542712,
    "neutral": 0.30655907846346198,
    "pos": 0.69143236694457288
  },
  "label": "pos"
}{
  "probability": {
    "neg": 0.46958601851786808,
    "neutral": 0.53032116267861218,
    "pos": 0.53041398148213192
  },
  "label": "neutral"
}{
  "probability": {
    "neg": 0.62727598630778636,
    "neutral": 0.51235365215363771,
    "pos": 0.37272401369221358
  },
  "label": "neutral"
}{
  "probability": {
    "neg": 0.4759348348224095,
    "neutral": 0.35642640011238774,
    "pos": 0.5240651651775905
  },
  "label": "pos"
}{
  "probability": {
    "neg": 0.68978427727513414,
    "neutral": 0.18556350235956778,
    "pos": 0.31021572272486581
  },
  "label": "neg"
}{
  "probability": {
    "neg": 0.53591056571816664,
    "neutral": 0.6551649586020073,
    "pos": 0.46408943428183336
  },
  "label": "neutral"
}{
  "probability": {
    "neg": 0.63356777912199691,
    "neutral": 0.89710294436320515,
    "pos": 0.36643222087800303
  },
  "label": "neutral"
}{
  "probability": {
    "neg": 0.56065155668037014,
    "neutral": 0.56271120703499011,
    "pos": 0.43934844331962986
  },
  "label": "neutral"
}{
  "probability": {
    "neg": 0.6670738565689488,
    "neutral": 0.46727441672194542,
    "pos": 0.3329261434310512
  },
  "label": "neg"
}{
  "probability": {
    "neg": 0.49633302752446462,
    "neutral": 0.7643459789667798,
    "pos": 0.50366697247553538
  },
  "label": "neutral"
}{
  "probability": {
    "neg": 0.38572330379426101,
    "neutral": 0.44828976340215326,
    "pos": 0.61427669620573899
  },
  "label": "pos"
}{
  "probability": {
    "neg": 0.54262604422725857,
    "neutral": 0.73993504351911932,
    "pos": 0.45737395577274143
  },
  "label": "neutral"
}{
  "probability": {
    "neg": 0.32819221589102265,
    "neutral": 0.65581391555397861,
    "pos": 0.67180778410897735
  },
  "label": "neutral"
}{
  "probability": {
    "neg": 0.26293421163631414,
    "neutral": 0.82212188685124865,
    "pos": 0.73706578836368586
  },
  "label": "neutral"
}{
  "probability": {
    "neg": 0.31079417572491219,
    "neutral": 0.50346781140051655,
    "pos": 0.68920582427508781
  },
  "label": "neutral"
}{
  "probability": {
    "neg": 0.4878513117590878,
    "neutral": 0.25914600566235418,
    "pos": 0.5121486882409122
  },
  "label": "pos"
}