{
  "probability": {
    "neg": 0.47929502834947679,
    "neutral": 0.40368581521181418,
    "pos": 0.52070497165052321
  },
  "label": "pos"
}{
  "probability": {
    "neg": 0.50172057004337001,
    "neutral": 0.56219426870934186,
    "pos": 0.49827942995662999
  },
  "label": "neutral"
}{
  "probability": {
    "neg": 0.35831642828058741,
    "neutral": 0.31192879786724576,
    "pos": 0.64168357171941259
  },
  "label": "pos"
}{
  "probability": {
    "neg": 0.47984417725856643,
    "neutral": 0.77452969817343043,
    "pos": 0.52015582274143357
  },
  "label": "neutral"
}{
  "probability": {
    "neg": 0.51442307279350619,
    "neutral": 0.44640650471961324,
    "pos": 0.48557692720649387
  },
  "label": "neg"
}{
  "probability": {
    "neg": 0.42126942870112472,
    "neutral": 0.76251061191286329,
    "pos": 0.57873057129887528
  },
  "label": "neutral"
}{
  "probability": {
    "neg": 0.5350806467036463,
    "neutral": 0.71566875860905566,
    "pos": 0.4649193532963537
  },
  "label": "neutral"
}{
  "probability": {
    "neg": 0.46264078742412806,
    "neutral": 0.594362757075512,
    "pos": 0.53735921257587194
  },
  "label": "neutral"
}{
  "probability": {
    "neg": 0.40358416390470508,
    "neutral": 0.87641516190860269,
    "pos": 0.59641583609529492
  },
  "label": "neutral"
}{
  "probability": {
    "neg": 0.35408136227621401,
    "neutral": 0.32118174523315074,
    "pos": 0.64591863772378599
  },
  "label": "pos"
}{
  "probability": {
    "neg": 0.51764637287234183,
    "neutral": 0.45774147568005658,
    "pos": 0.48235362712765817
  },
  "label": "neg"
}{
  "probability": {
    "neg": 0.56927020258234529,
    "neutral": 0.26746126211581284,
    "pos": 0.43072979741765477
  },
  "label": "neg"
}{
  "probability": {
    "neg": 0.41665019451458007,
    "neutral": 0.37669262836326078,
    "pos": 0.58334980548541993
  },
  "label": "pos"
}{
  "probability": {
    "neg": 0.56209489503607091,
    "neutral": 0.59508906140405482,
    "pos": 0.43790510496392904
  },
  "label": "neutral"
}