{
  "probability": {
    "neg": 0.65333297997462325,
    "neutral": 0.378923047356301,
    "pos": 0.3466670200253768
  },
  "label": "neg"
}{
  "probability": {
    "neg": 0.62659384150457975,
    "neutral": 0.75235112793603365,
    "pos": 0.37340615849542025
  },
  "label": "neutral"
}{
  "probability": {
    "neg": 0.54900688447522983,
    "neutral": 0.38514688198993624,
    "pos": 0.45099311552477023
  },
  "label": "neg"
}{
  "probability": {
    "neg": 0.54068839425401838,
    "neutral": 0.33565137325057753,
    "pos": 0.45931160574598157
  },
  "label": "neg"
}{
  "probability": {
    "neg": 0.64224742582659178,
    "neutral": 0.78314224925884923,
    "pos": 0.35775257417340828
  },
  "label": "neutral"
}{
  "probability": {
    "neg": 0.44478735196326913,
    "neutral": 0.16450919775349093,
    "pos": 0.55521264803673087
  },
  "label": "pos"
}{
  "probability": {
    "neg": 0.47015916329134511,
    "neutral": 0.72730373519045222,
    "pos": 0.52984083670865489
  },
  "label": "neutral"
}{
  "probability": {
    "neg": 0.44797938236245682,
    "neutral": 0.65759108350479922,
    "pos": 0.55202061763754318
  },
  "label": "neutral"
}{
  "probability": {
    "neg": 0.48350680138584401,
    "neutral": 0.5734510461506096,
    "pos": 0.51649319861415599
  },
  "label": "neutral"
}{
  "probability": {
    "neg": 0.49793702106419024,
    "neutral": 0.45143071467267326,
    "pos": 0.50206297893580976
  },
  "label": "pos"
}{
  "probability": {
    "neg": 0.62516910985392693,
    "neutral": 0.30886548386609936,
    "pos": 0.37483089014607313
  },
  "label": "neg"
}{
  "probability": {
    "neg": 0.42855694456439197,
    "neutral": 0.75346039061620884,
    "pos": 0.57144305543560803
  },
  "label": "neutral"
}{
  "probability": {
    "neg": 0.55660020511818853,
    "neutral": 0.58729316004608878,
    "pos": 0.44339979488181147
  },
  "label": "neutral"
}{
  "probability": {
    "neg": 0.43004326186926667,
    "neutral": 0.72867547605311067,
    "pos": 0.56995673813073333
  },
  "label": "neutral"
}{
  "probability": {
    "neg": 0.37920639947890855,
    "neutral": 0.88359768380250625,
    "pos": 0.62079360052109145
  },
  "label": "neutral"
}{
  "probability": {
    "neg": 0.46578655422703696,
    "neutral": 0.84358579466538552,
    "pos": 0.53421344577296304
  },
  "label": "neutral"
}{
  "probability": {
    "neg": 0.41937018166051299,
    "neutral": 0.77824822417153772,
    "pos": 0.58062981833948701
  },
  "label": "neutral"
}{
  "probability": {
    "neg": 0.40652488754150207,
    "neutral": 0.76586426995854906,
    "pos": 0.59347511245849793
  },
  "label": "neutral"
}{
  "probability": {
    "neg": 0.41835848457270997,
    "neutral": 0.71703817015438831,
    "pos": 0.58164151542729003
  },
  "label": "neutral"
}{
  "probability": {
    "neg": 0.48367702847076277,
    "neutral": 0.889446528263928,
    "pos": 0.51632297152923723
  },
  "label": "neutral"
}{
  "probability": {
    "neg": 0.41462714302012094,
    "neutral": 0.71340962066129088,
    "pos": 0.58537285697987906
  },
  "label": "neutral"
}{
  "probability": {
    "neg": 0.6822972297455614,
    "neutral": 0.94929288703217207,
    "pos": 0.3177027702544386
  },
  "label": "neutral"
}{
  "probability": {
    "neg": 0.51903007048305916,
    "neutral": 0.44438343434163058,
    "pos": 0.48096992951694084
  },
  "label": "neg"
}{
  "probability": {
    "neg": 0.56112453840527809,
    "neutral": 0.8486623014276774,
    "pos": 0.43887546159472191
  },
  "label": "neutral"
}{
  "probability": {
    "neg": 0.45054026464628505,
    "neutral": 0.47769415334156728,
    "pos": 0.54945973535371495
  },
  "label": "pos"
}{
  "probability": {
    "neg": 0.47503378290312148,
    "neutral": 0.22141232942420438,
    "pos": 0.52496621709687852
  },
  "label": "pos"
}{
  "probability": {
    "neg": 0.41442193693493889,
    "neutral": 0.85151103876303635,
    "pos": 0.58557806306506111
  },
  "label": "neutral"
}{
  "probability": {
    "neg": 0.49694755727470719,
    "neutral": 0.42707665861624999,
    "pos": 0.50305244272529281
  },
  "label": "pos"
}{
  "probability": {
    "neg": 0.47372800873027876,
    "neutral": 0.45292408425388181,
    "pos": 0.52627199126972124
  },
  "label": "pos"
}{
  "probability": {
    "neg": 0.56599216262185137,
    "neutral": 0.40260705172003713,
    "pos": 0.43400783737814869
  },
  "label": "neg"
}{
  "probability": {
    "neg": 0.50433921996946995,
    "neutral": 0.81085532182827225,
    "pos": 0.49566078003053005
  },
  "label": "neutral"
}{
  "probability": {
    "neg": 0.21051516619254784,
    "neutral": 0.67645484932557876,
    "pos": 0.78948483380745216
  },
  "label": "neutral"
}{
  "probability": {
    "neg": 0.59862337247412212,
    "neutral": 0.85688087034356719,
    "pos": 0.40137662752587783
  },
  "label": "neutral"
}{
  "probability": {
    "neg": 0.45645151544600526,
    "neutral": 0.6773415333820022,
    "pos": 0.54354848455399474
  },
  "label": "neutral"
}{
  "probability": {
    "neg": 0.3082865359864595,
    "neutral": 0.74240820434314481,
    "pos": 0.6917134640135405
  },
  "label": "neutral"
}{
  "probability": {
    "neg": 0.51565668297835976,
    "neutral": 0.48019566525103535,
    "pos": 0.48434331702164024
  },
  "label": "neg"
}{
  "probability": {
    "neg": 0.20742645397331572,
    "neutral": 0.63063091295551577,
    "pos": 0.79257354602668428
  },
  "label": "neutral"
}{
  "probability": {
    "neg": 0.52447886066735183,
    "neutral": 0.48772222176021646,
    "pos": 0.47552113933264811
  },
  "label": "neg"
}{
  "probability": {
    "neg": 0.55232616006201352,
    "neutral": 0.32141700484394997,
    "pos": 0.44767383993798654
  },
  "label": "neg"
}{
  "probability": {
    "neg": 0.27234990557210048,
    "neutral": 0.15470586447845869,
    "pos": 0.72765009442789952
  },
  "label": "pos"
}{
  "probability": {
    "neg": 0.53696073911811593,
    "neutral": 0.42187060116501857,
    "pos": 0.46303926088188402
  },
  "label": "neg"
}{
  "probability": {
    "neg": 0.3818141784786957,
    "neutral": 0.82523899860107719,
    "pos": 0.6181858215213043
  },
  "label": "neutral"
}{
  "probability": {
    "neg": 0.45608198960516277,
    "neutral": 0.50405802123511212,
    "pos": 0.54391801039483723
  },
  "label": "neutral"
}{
  "probability": {
    "neg": 0.43344621373067183,
    "neutral": 0.49849479009553194,
    "pos": 0.56655378626932817
  },
  "label": "pos"
}{
  "probability": {
    "neg": 0.42799021305595453,
    "neutral": 0.72683603282773779,
    "pos": 0.57200978694404547
  },
  "label": "neutral"
}{
  "probability": {
    "neg": 0.51787725278950314,
    "neutral": 0.67348666435346793,
    "pos": 0.48212274721049686
  },
  "label": "neutral"
}{
  "probability": {
    "neg": 0.52616461094096256,
    "neutral": 0.60142823825303127,
    "pos": 0.47383538905903749
  },
  "label": "neutral"
}{
  "probability": {
    "neg": 0.49379157707984223,
    "neutral": 0.29291887612596673,
    "pos": 0.50620842292015777
  },
  "label": "pos"
}